# P(at least one six in n rolls of a fair die) = 1 - (5/6)^n, exact values
n,P
1,0.16666666666666666
2,0.3055555555555556
3,0.4212962962962963
4,0.5177469135802469
5,0.5981224279835391
6,0.6651020233196159
7,0.7209183527663466
8,0.7674319606386222
9,0.8061933005321852
10,0.8384944171101543
11,0.8654120142584619
12,0.8878433452153849
13,0.9065361210128208
14,0.9221134341773506
15,0.9350945284811255
16,0.9459121070676046
17,0.9549267558896705
18,0.9624389632413921
19,0.9686991360344934
20,0.9739159466954111
